{
  "countries": [
    { "id": "hk", "zh": "香港", "en": "Hong Kong" },
    { "id": "jp", "zh": "日本", "en": "Japan" },
    { "id": "uk", "zh": "英國", "en": "United Kingdom" }
  ],
  "cities": [
    { "id": "hk-island", "countryId": "hk", "zh": "香港島", "en": "Hong Kong Island" },
    { "id": "kowloon", "countryId": "hk", "zh": "九龍", "en": "Kowloon" },
    { "id": "new-territories", "countryId": "hk", "zh": "新界", "en": "New Territories" },
    { "id": "outlying-islands", "countryId": "hk", "zh": "離島", "en": "Outlying Islands" },
    { "id": "tokyo", "countryId": "jp", "zh": "東京", "en": "Tokyo" },
    { "id": "osaka", "countryId": "jp", "zh": "大阪", "en": "Osaka" },
    { "id": "kyoto", "countryId": "jp", "zh": "京都", "en": "Kyoto" },
    { "id": "fukuoka", "countryId": "jp", "zh": "福岡", "en": "Fukuoka" },
    { "id": "hokkaido", "countryId": "jp", "zh": "北海道", "en": "Hokkaido" },
    { "id": "london", "countryId": "uk", "zh": "倫敦", "en": "London" }
  ],
  "districts": [
    { "id": "central", "cityId": "hk-island", "zh": "中環", "en": "Central" },
    { "id": "admiralty", "cityId": "hk-island", "zh": "金鐘", "en": "Admiralty" },
    { "id": "wan-chai", "cityId": "hk-island", "zh": "灣仔", "en": "Wan Chai" },
    { "id": "causeway-bay", "cityId": "hk-island", "zh": "銅鑼灣", "en": "Causeway Bay" },
    { "id": "happy-valley", "cityId": "hk-island", "zh": "跑馬地", "en": "Happy Valley" },
    { "id": "tin-hau", "cityId": "hk-island", "zh": "天后", "en": "Tin Hau" },
    { "id": "north-point", "cityId": "hk-island", "zh": "北角", "en": "North Point" },
    { "id": "quarry-bay", "cityId": "hk-island", "zh": "鰂魚涌", "en": "Quarry Bay" },
    { "id": "tai-koo", "cityId": "hk-island", "zh": "太古", "en": "Tai Koo" },
    { "id": "sai-wan-ho", "cityId": "hk-island", "zh": "西灣河", "en": "Sai Wan Ho" },
    { "id": "shau-kei-wan", "cityId": "hk-island", "zh": "筲箕灣", "en": "Shau Kei Wan" },
    { "id": "chai-wan", "cityId": "hk-island", "zh": "柴灣", "en": "Chai Wan" },
    { "id": "western", "cityId": "hk-island", "zh": "西環", "en": "Western District" },
    { "id": "aberdeen", "cityId": "hk-island", "zh": "香港仔", "en": "Aberdeen" },
    { "id": "ap-lei-chau", "cityId": "hk-island", "zh": "鴨脷洲", "en": "Ap Lei Chau" },

    { "id": "tsim-sha-tsui", "cityId": "kowloon", "zh": "尖沙咀", "en": "Tsim Sha Tsui" },
    { "id": "jordan", "cityId": "kowloon", "zh": "佐敦", "en": "Jordan" },
    { "id": "yau-ma-tei", "cityId": "kowloon", "zh": "油麻地", "en": "Yau Ma Tei" },
    { "id": "mong-kok", "cityId": "kowloon", "zh": "旺角", "en": "Mong Kok" },
    { "id": "prince-edward", "cityId": "kowloon", "zh": "太子", "en": "Prince Edward" },
    { "id": "sham-shui-po", "cityId": "kowloon", "zh": "深水埗", "en": "Sham Shui Po" },
    { "id": "cheung-sha-wan", "cityId": "kowloon", "zh": "長沙灣", "en": "Cheung Sha Wan" },
    { "id": "lai-chi-kok", "cityId": "kowloon", "zh": "荔枝角", "en": "Lai Chi Kok" },
    { "id": "mei-foo", "cityId": "kowloon", "zh": "美孚", "en": "Mei Foo" },
    { "id": "kowloon-city", "cityId": "kowloon", "zh": "九龍城", "en": "Kowloon City" },
    { "id": "lok-fu", "cityId": "kowloon", "zh": "樂富", "en": "Lok Fu" },
    { "id": "wong-tai-sin", "cityId": "kowloon", "zh": "黃大仙", "en": "Wong Tai Sin" },
    { "id": "diamond-hill", "cityId": "kowloon", "zh": "鑽石山", "en": "Diamond Hill" },
    { "id": "san-po-kong", "cityId": "kowloon", "zh": "新蒲崗", "en": "San Po Kong" },
    { "id": "kowloon-bay", "cityId": "kowloon", "zh": "九龍灣", "en": "Kowloon Bay" },
    { "id": "ngau-tau-kok", "cityId": "kowloon", "zh": "牛頭角", "en": "Ngau Tau Kok" },
    { "id": "kwun-tong", "cityId": "kowloon", "zh": "觀塘", "en": "Kwun Tong" },
    { "id": "lam-tin", "cityId": "kowloon", "zh": "藍田", "en": "Lam Tin" },
    { "id": "yau-tong", "cityId": "kowloon", "zh": "油塘", "en": "Yau Tong" },

    { "id": "tsuen-wan", "cityId": "new-territories", "zh": "荃灣", "en": "Tsuen Wan" },
    { "id": "kwai-chung", "cityId": "new-territories", "zh": "葵涌", "en": "Kwai Chung" },
    { "id": "kwai-fong", "cityId": "new-territories", "zh": "葵芳", "en": "Kwai Fong" },
    { "id": "tsing-yi", "cityId": "new-territories", "zh": "青衣", "en": "Tsing Yi" },
    { "id": "tuen-mun", "cityId": "new-territories", "zh": "屯門", "en": "Tuen Mun" },
    { "id": "yuen-long", "cityId": "new-territories", "zh": "元朗", "en": "Yuen Long" },
    { "id": "tin-shui-wai", "cityId": "new-territories", "zh": "天水圍", "en": "Tin Shui Wai" },
    { "id": "sham-tseng", "cityId": "new-territories", "zh": "深井", "en": "Sham Tseng" },
    { "id": "sheung-shui", "cityId": "new-territories", "zh": "上水", "en": "Sheung Shui" },
    { "id": "fanling", "cityId": "new-territories", "zh": "粉嶺", "en": "Fanling" },
    { "id": "tai-po", "cityId": "new-territories", "zh": "大埔", "en": "Tai Po" },
    { "id": "tai-wo", "cityId": "new-territories", "zh": "太和", "en": "Tai Wo" },
    { "id": "shatin", "cityId": "new-territories", "zh": "沙田", "en": "Shatin" },
    { "id": "fo-tan", "cityId": "new-territories", "zh": "火炭", "en": "Fo Tan" },
    { "id": "tai-wai", "cityId": "new-territories", "zh": "大圍", "en": "Tai Wai" },
    { "id": "ma-liu-shui", "cityId": "new-territories", "zh": "馬料水", "en": "Ma Liu Shui" },
    { "id": "ma-on-shan", "cityId": "new-territories", "zh": "馬鞍山", "en": "Ma On Shan" },
    { "id": "tseung-kwan-o", "cityId": "new-territories", "zh": "將軍澳", "en": "Tseung Kwan O" },
    { "id": "hang-hau", "cityId": "new-territories", "zh": "坑口", "en": "Hang Hau" },
    { "id": "tiu-keng-leng", "cityId": "new-territories", "zh": "調景嶺", "en": "Tiu Keng Leng" },
    { "id": "po-lam", "cityId": "new-territories", "zh": "寶琳", "en": "Po Lam" },
    { "id": "sai-kung", "cityId": "new-territories", "zh": "西貢", "en": "Sai Kung" },

    { "id": "tung-chung", "cityId": "outlying-islands", "zh": "東涌", "en": "Tung Chung" },
    { "id": "discovery-bay", "cityId": "outlying-islands", "zh": "愉景灣", "en": "Discovery Bay" },
    { "id": "chek-lap-kok", "cityId": "outlying-islands", "zh": "赤鱲角", "en": "Chek Lap Kok" },
    { "id": "tai-o", "cityId": "outlying-islands", "zh": "大澳", "en": "Tai O" },
    { "id": "cheung-chau", "cityId": "outlying-islands", "zh": "長洲", "en": "Cheung Chau" },
    { "id": "lamma-island", "cityId": "outlying-islands", "zh": "南丫島", "en": "Lamma Island" },
    { "id": "peng-chau", "cityId": "outlying-islands", "zh": "坪洲", "en": "Peng Chau" },

    { "id": "shinjuku", "cityId": "tokyo", "zh": "新宿", "en": "Shinjuku" },
    { "id": "shibuya", "cityId": "tokyo", "zh": "澀谷", "en": "Shibuya" },
    { "id": "ginza", "cityId": "tokyo", "zh": "銀座", "en": "Ginza" },
    { "id": "akihabara", "cityId": "tokyo", "zh": "秋葉原", "en": "Akihabara" },
    { "id": "asakusa", "cityId": "tokyo", "zh": "淺草", "en": "Asakusa" },
    { "id": "roppongi", "cityId": "tokyo", "zh": "六本木", "en": "Roppongi" },
    { "id": "ikebukuro", "cityId": "tokyo", "zh": "池袋", "en": "Ikebukuro" },
    { "id": "ueno", "cityId": "tokyo", "zh": "上野", "en": "Ueno" },
    { "id": "harajuku", "cityId": "tokyo", "zh": "原宿", "en": "Harajuku" },
    { "id": "ebisu", "cityId": "tokyo", "zh": "惠比壽", "en": "Ebisu" },
    { "id": "meguro", "cityId": "tokyo", "zh": "目黑", "en": "Meguro" },
    { "id": "nakano", "cityId": "tokyo", "zh": "中野", "en": "Nakano" },
    { "id": "kichijoji", "cityId": "tokyo", "zh": "吉祥寺", "en": "Kichijoji" },
    { "id": "shimokitazawa", "cityId": "tokyo", "zh": "下北澤", "en": "Shimokitazawa" },
    { "id": "odaiba", "cityId": "tokyo", "zh": "台場", "en": "Odaiba" },
    { "id": "tsukiji", "cityId": "tokyo", "zh": "築地", "en": "Tsukiji" },
    { "id": "toyosu", "cityId": "tokyo", "zh": "豐洲", "en": "Toyosu" },
    { "id": "nihonbashi", "cityId": "tokyo", "zh": "日本橋", "en": "Nihonbashi" },
    { "id": "yurakucho", "cityId": "tokyo", "zh": "有樂町", "en": "Yurakucho" },
    { "id": "marunouchi", "cityId": "tokyo", "zh": "丸之內", "en": "Marunouchi" },

    { "id": "umeda", "cityId": "osaka", "zh": "梅田", "en": "Umeda" },
    { "id": "shinsaibashi", "cityId": "osaka", "zh": "心齋橋", "en": "Shinsaibashi" },
    { "id": "namba", "cityId": "osaka", "zh": "難波", "en": "Namba" },
    { "id": "tennoji", "cityId": "osaka", "zh": "天王寺", "en": "Tennoji" },
    { "id": "dotonbori", "cityId": "osaka", "zh": "道頓堀", "en": "Dotonbori" },
    { "id": "shinsekai", "cityId": "osaka", "zh": "新世界", "en": "Shinsekai" },
    { "id": "amerikamura", "cityId": "osaka", "zh": "美國村", "en": "Amerikamura" },
    { "id": "kuromon", "cityId": "osaka", "zh": "黑門市場", "en": "Kuromon" },
    { "id": "tsuruhashi", "cityId": "osaka", "zh": "鶴橋", "en": "Tsuruhashi" },
    { "id": "abeno", "cityId": "osaka", "zh": "阿倍野", "en": "Abeno" },
    { "id": "osaka-castle", "cityId": "osaka", "zh": "大阪城", "en": "Osaka Castle" },
    { "id": "nakanoshima", "cityId": "osaka", "zh": "中之島", "en": "Nakanoshima" },
    { "id": "horie", "cityId": "osaka", "zh": "堀江", "en": "Horie" },
    { "id": "fukushima-osaka", "cityId": "osaka", "zh": "福島", "en": "Fukushima" },

    { "id": "gion", "cityId": "kyoto", "zh": "祇園", "en": "Gion" },
    { "id": "arashiyama", "cityId": "kyoto", "zh": "嵐山", "en": "Arashiyama" },
    { "id": "kawaramachi", "cityId": "kyoto", "zh": "河原町", "en": "Kawaramachi" },
    { "id": "kiyomizu", "cityId": "kyoto", "zh": "清水寺", "en": "Kiyomizu" },
    { "id": "fushimi", "cityId": "kyoto", "zh": "伏見", "en": "Fushimi" },
    { "id": "nishiki", "cityId": "kyoto", "zh": "錦市場", "en": "Nishiki" },
    { "id": "pontocho", "cityId": "kyoto", "zh": "先斗町", "en": "Pontocho" },
    { "id": "higashiyama", "cityId": "kyoto", "zh": "東山", "en": "Higashiyama" },
    { "id": "kyoto-station", "cityId": "kyoto", "zh": "京都站", "en": "Kyoto Station" },
    { "id": "kinkakuji", "cityId": "kyoto", "zh": "金閣寺", "en": "Kinkakuji" },
    { "id": "sanjo", "cityId": "kyoto", "zh": "三條", "en": "Sanjo" },
    { "id": "shijo", "cityId": "kyoto", "zh": "四條", "en": "Shijo" },

    { "id": "tenjin", "cityId": "fukuoka", "zh": "天神", "en": "Tenjin" },
    { "id": "hakata", "cityId": "fukuoka", "zh": "博多", "en": "Hakata" },
    { "id": "nakasu", "cityId": "fukuoka", "zh": "中洲", "en": "Nakasu" },
    { "id": "daimyo", "cityId": "fukuoka", "zh": "大名", "en": "Daimyo" },
    { "id": "yakuin", "cityId": "fukuoka", "zh": "藥院", "en": "Yakuin" },
    { "id": "ohori-park", "cityId": "fukuoka", "zh": "大濠公園", "en": "Ohori Park" },
    { "id": "momochi", "cityId": "fukuoka", "zh": "百道", "en": "Momochi" },
    { "id": "hakata-station", "cityId": "fukuoka", "zh": "博多站", "en": "Hakata Station" },
    { "id": "canal-city", "cityId": "fukuoka", "zh": "博多運河城", "en": "Canal City" },
    { "id": "yanagibashi", "cityId": "fukuoka", "zh": "柳橋", "en": "Yanagibashi" },

    { "id": "sapporo", "cityId": "hokkaido", "zh": "札幌", "en": "Sapporo" },
    { "id": "hakodate", "cityId": "hokkaido", "zh": "函館", "en": "Hakodate" },
    { "id": "otaru", "cityId": "hokkaido", "zh": "小樽", "en": "Otaru" },
    { "id": "susukino", "cityId": "hokkaido", "zh": "薄野", "en": "Susukino" },
    { "id": "odori", "cityId": "hokkaido", "zh": "大通", "en": "Odori" },
    { "id": "tanukikoji", "cityId": "hokkaido", "zh": "狸小路", "en": "Tanukikoji" },
    { "id": "niseko", "cityId": "hokkaido", "zh": "二世古", "en": "Niseko" },
    { "id": "furano", "cityId": "hokkaido", "zh": "富良野", "en": "Furano" },
    { "id": "biei", "cityId": "hokkaido", "zh": "美瑛", "en": "Biei" },
    { "id": "asahikawa", "cityId": "hokkaido", "zh": "旭川", "en": "Asahikawa" },
    { "id": "noboribetsu", "cityId": "hokkaido", "zh": "登別", "en": "Noboribetsu" },
    { "id": "jozankei", "cityId": "hokkaido", "zh": "定山溪", "en": "Jozankei" },

    { "id": "soho", "cityId": "london", "zh": "蘇豪區", "en": "Soho" },
    { "id": "covent-garden", "cityId": "london", "zh": "柯芬園", "en": "Covent Garden" },
    { "id": "south-kensington", "cityId": "london", "zh": "南肯辛頓", "en": "South Kensington" },
    { "id": "camden-town", "cityId": "london", "zh": "卡姆登市集", "en": "Camden Town" },
    { "id": "westminster", "cityId": "london", "zh": "威斯敏斯特", "en": "Westminster" },
    { "id": "shoreditch", "cityId": "london", "zh": "肖爾迪奇", "en": "Shoreditch" },
    { "id": "notting-hill", "cityId": "london", "zh": "諾丁山", "en": "Notting Hill" },
    { "id": "mayfair", "cityId": "london", "zh": "梅費爾", "en": "Mayfair" },
    { "id": "chelsea", "cityId": "london", "zh": "切爾西", "en": "Chelsea" },
    { "id": "kensington", "cityId": "london", "zh": "肯辛頓", "en": "Kensington" },
    { "id": "marylebone", "cityId": "london", "zh": "馬里波恩", "en": "Marylebone" },
    { "id": "fitzrovia", "cityId": "london", "zh": "菲茨羅維亞", "en": "Fitzrovia" },
    { "id": "brixton", "cityId": "london", "zh": "布里克斯頓", "en": "Brixton" },
    { "id": "hackney", "cityId": "london", "zh": "哈克尼", "en": "Hackney" },
    { "id": "borough-market", "cityId": "london", "zh": "波羅市場", "en": "Borough Market" },
    { "id": "south-bank", "cityId": "london", "zh": "南岸", "en": "South Bank" },
    { "id": "chinatown-london", "cityId": "london", "zh": "唐人街", "en": "Chinatown" },
    { "id": "kings-cross", "cityId": "london", "zh": "國王十字", "en": "King's Cross" },
    { "id": "islington", "cityId": "london", "zh": "伊斯靈頓", "en": "Islington" },
    { "id": "canary-wharf", "cityId": "london", "zh": "金絲雀碼頭", "en": "Canary Wharf" }

  ],
  "cuisines": [
    { "id": "all", "zh": "全部菜式", "en": "All Cuisines" },
    { "id": "hong-kong", "zh": "港式", "en": "Hong Kong Style" },
    { "id": "japanese", "zh": "日本菜", "en": "Japanese" },
    { "id": "thai", "zh": "泰國菜", "en": "Thai" },
    { "id": "korean", "zh": "韓國菜", "en": "Korean" },
    { "id": "western", "zh": "西餐", "en": "Western" },
    { "id": "italian", "zh": "意大利菜", "en": "Italian" },
    { "id": "taiwanese", "zh": "台灣菜", "en": "Taiwanese" },
    { "id": "hot-pot", "zh": "火鍋", "en": "Hot Pot" },
    { "id": "dessert", "zh": "甜品", "en": "Dessert" },
    { "id": "cha-chaan-teng", "zh": "茶餐廳", "en": "Cha Chaan Teng" },
    { "id": "sichuan", "zh": "四川菜", "en": "Sichuan" },
    { "id": "shunde", "zh": "順德菜", "en": "Shunde" },
    { "id": "singaporean-malaysian", "zh": "星馬菜", "en": "Singaporean/Malaysian" },
    { "id": "french", "zh": "法國菜", "en": "French" }
  ]
}
